001; 343; 434; 349; 498; 360; 563; 373; 625; 394; 684; 426; 738; 464; 784; 511; 819; 571; 828; 631; 817; 686; 783; 735; 740; 772; 686; 794; 625; 806; 559; 815; 491; 818; 423; 373; 399; 402; 369; 445; 368; 487; 380; 527; 399; 603; 394; 648; 373; 694; 362; 741; 368; 772; 400; 565; 452; 564; 494; 562; 535; 561; 578; 511; 609; 537; 616; 564; 623; 590; 615; 618; 610; 412; 447; 439; 430; 475; 435; 504; 463; 471; 469; 435; 467; 635; 461; 665; 434; 700; 430; 729; 446; 706; 466; 670; 468; 485; 686; 513; 669; 542; 661; 566; 668; 592; 661; 624; 670; 657; 684; 625; 712; 595; 727; 567; 731; 541; 728; 513; 713; 498; 687; 542; 686; 567; 689; 594; 686; 642; 685; 592; 689; 566; 693; 541; 689; 
001; 345; 428; 348; 492; 359; 557; 373; 619; 392; 679; 424; 735; 462; 782; 510; 817; 571; 828; 632; 816; 688; 781; 737; 737; 775; 683; 796; 622; 808; 556; 816; 489; 819; 420; 373; 399; 402; 368; 445; 367; 488; 379; 527; 398; 602; 394; 646; 373; 692; 362; 739; 366; 771; 397; 565; 451; 564; 492; 563; 534; 561; 577; 511; 609; 537; 616; 563; 622; 590; 615; 617; 609; 412; 446; 440; 430; 476; 434; 505; 462; 472; 469; 435; 467; 635; 461; 665; 435; 700; 431; 729; 447; 706; 466; 670; 469; 484; 684; 513; 669; 543; 661; 566; 669; 592; 661; 625; 670; 658; 682; 626; 711; 595; 727; 567; 730; 542; 727; 513; 712; 499; 687; 543; 686; 567; 689; 594; 686; 642; 684; 593; 688; 566; 692; 542; 688; 
001; 344; 432; 348; 495; 360; 561; 373; 622; 393; 681; 424; 736; 461; 783; 509; 817; 569; 828; 630; 817; 686; 784; 734; 740; 772; 687; 795; 626; 807; 561; 816; 494; 820; 425; 372; 400; 401; 369; 444; 367; 487; 379; 528; 398; 602; 394; 647; 373; 694; 361; 740; 367; 772; 398; 565; 451; 563; 493; 562; 535; 561; 578; 511; 608; 537; 616; 563; 623; 591; 615; 618; 608; 412; 447; 439; 430; 475; 434; 504; 462; 471; 469; 435; 468; 636; 461; 665; 435; 701; 432; 729; 447; 706; 466; 671; 469; 485; 684; 514; 669; 543; 661; 566; 668; 592; 661; 625; 669; 658; 681; 626; 711; 595; 726; 567; 730; 542; 727; 513; 712; 498; 687; 543; 686; 566; 688; 594; 685; 643; 684; 593; 688; 566; 693; 542; 688; 
001; 346; 430; 350; 494; 360; 558; 374; 621; 394; 680; 425; 735; 462; 782; 509; 816; 570; 827; 631; 816; 686; 783; 733; 739; 771; 686; 795; 626; 809; 561; 818; 494; 820; 426; 374; 400; 402; 369; 446; 368; 489; 379; 528; 398; 603; 393; 648; 372; 694; 361; 739; 367; 771; 397; 566; 450; 564; 492; 563; 534; 561; 577; 511; 609; 537; 616; 563; 623; 590; 615; 617; 609; 412; 446; 440; 430; 476; 434; 505; 462; 472; 469; 435; 468; 635; 461; 666; 435; 701; 431; 729; 447; 706; 467; 671; 469; 483; 682; 513; 669; 543; 660; 566; 668; 592; 661; 626; 668; 660; 679; 626; 710; 595; 726; 567; 730; 542; 727; 513; 712; 497; 685; 543; 685; 566; 688; 593; 685; 645; 682; 593; 688; 566; 692; 542; 688; 
001; 345; 432; 349; 496; 358; 561; 372; 624; 393; 683; 425; 736; 463; 783; 510; 817; 570; 827; 629; 816; 685; 783; 733; 740; 772; 686; 795; 625; 806; 559; 814; 492; 817; 424; 371; 403; 399; 369; 443; 368; 487; 380; 527; 399; 601; 395; 647; 373; 694; 362; 742; 368; 773; 402; 565; 451; 563; 493; 562; 535; 560; 578; 510; 608; 535; 615; 562; 623; 590; 615; 617; 609; 411; 447; 438; 430; 474; 435; 504; 463; 471; 469; 434; 468; 634; 461; 665; 435; 700; 431; 728; 447; 705; 467; 669; 469; 481; 680; 512; 668; 542; 661; 565; 668; 592; 661; 625; 668; 660; 677; 626; 709; 595; 726; 567; 729; 541; 726; 512; 710; 495; 683; 542; 685; 566; 688; 593; 684; 645; 680; 592; 687; 565; 692; 541; 687; 
001; 345; 433; 348; 497; 357; 564; 371; 626; 394; 684; 427; 736; 465; 780; 511; 815; 571; 826; 631; 815; 687; 782; 736; 738; 774; 686; 798; 626; 810; 560; 816; 494; 818; 427; 372; 399; 401; 368; 445; 368; 488; 380; 527; 398; 604; 394; 648; 373; 693; 362; 739; 368; 772; 398; 564; 451; 563; 493; 562; 535; 560; 579; 509; 608; 535; 616; 562; 624; 589; 615; 617; 609; 410; 446; 438; 430; 474; 434; 504; 463; 470; 469; 433; 467; 635; 462; 664; 435; 700; 432; 729; 448; 706; 467; 670; 470; 477; 674; 510; 666; 542; 660; 566; 668; 593; 661; 628; 667; 664; 674; 629; 707; 595; 725; 566; 729; 540; 725; 509; 707; 492; 678; 541; 684; 566; 687; 594; 684; 649; 677; 593; 687; 565; 691; 541; 686; 
001; 345; 431; 347; 495; 356; 562; 370; 624; 392; 682; 424; 735; 462; 780; 510; 815; 570; 827; 632; 815; 689; 782; 737; 737; 775; 685; 798; 624; 810; 558; 817; 491; 818; 424; 372; 398; 402; 368; 446; 368; 488; 380; 527; 399; 602; 395; 646; 374; 692; 362; 739; 368; 772; 398; 564; 450; 563; 493; 562; 535; 560; 579; 509; 607; 535; 615; 562; 623; 590; 615; 617; 608; 411; 447; 439; 431; 475; 435; 504; 463; 471; 469; 434; 467; 634; 462; 663; 436; 699; 432; 727; 447; 704; 466; 669; 469; 474; 670; 508; 665; 539; 659; 563; 667; 591; 660; 626; 667; 664; 672; 627; 706; 593; 723; 564; 727; 538; 723; 507; 704; 489; 676; 539; 683; 564; 686; 592; 683; 648; 676; 591; 686; 563; 690; 538; 685; 
001; 341; 431; 345; 495; 354; 561; 367; 624; 389; 682; 423; 734; 461; 779; 509; 813; 570; 825; 631; 813; 687; 780; 735; 736; 773; 685; 797; 625; 808; 560; 815; 493; 817; 426; 369; 399; 399; 368; 443; 368; 486; 380; 526; 399; 604; 394; 648; 373; 694; 362; 740; 368; 772; 399; 564; 451; 563; 493; 561; 535; 560; 578; 508; 608; 534; 615; 562; 623; 589; 615; 617; 609; 410; 446; 438; 430; 473; 434; 503; 463; 469; 469; 433; 467; 634; 462; 664; 435; 700; 432; 728; 447; 705; 467; 670; 469; 474; 668; 509; 664; 541; 659; 564; 666; 591; 660; 626; 666; 664; 670; 627; 705; 593; 723; 565; 726; 539; 722; 508; 704; 488; 674; 540; 683; 564; 686; 592; 683; 649; 675; 591; 685; 564; 689; 540; 684; 
001; 343; 433; 346; 497; 355; 562; 369; 624; 391; 683; 424; 735; 463; 781; 511; 815; 572; 827; 632; 815; 688; 781; 735; 736; 773; 684; 795; 625; 807; 560; 814; 494; 816; 427; 371; 401; 400; 370; 443; 368; 486; 380; 526; 398; 602; 395; 646; 373; 693; 362; 738; 367; 772; 398; 564; 450; 563; 492; 562; 535; 560; 579; 509; 609; 535; 616; 562; 624; 590; 616; 617; 609; 411; 447; 439; 431; 474; 435; 504; 464; 471; 469; 434; 467; 635; 462; 665; 435; 700; 432; 728; 448; 705; 467; 670; 469; 475; 669; 509; 664; 541; 659; 565; 667; 591; 660; 626; 666; 664; 670; 628; 705; 594; 723; 566; 726; 540; 723; 509; 705; 490; 675; 541; 683; 565; 686; 593; 683; 649; 675; 592; 685; 565; 690; 541; 685; 
001; 342; 433; 346; 497; 356; 563; 370; 624; 392; 682; 425; 734; 463; 781; 511; 815; 570; 826; 631; 814; 686; 781; 734; 737; 772; 685; 795; 626; 807; 561; 815; 495; 818; 427; 370; 402; 399; 369; 442; 367; 486; 379; 526; 399; 601; 396; 646; 373; 693; 362; 740; 369; 773; 400; 563; 450; 562; 493; 561; 536; 560; 579; 510; 608; 535; 615; 562; 623; 589; 615; 617; 609; 410; 446; 438; 430; 473; 435; 503; 463; 469; 469; 433; 467; 635; 461; 665; 435; 700; 432; 728; 446; 705; 465; 670; 468; 475; 669; 510; 665; 542; 660; 565; 667; 592; 660; 626; 666; 664; 670; 627; 704; 594; 723; 566; 726; 540; 722; 510; 704; 490; 675; 541; 683; 565; 686; 593; 683; 649; 675; 592; 685; 565; 689; 540; 684; 
001; 343; 433; 346; 496; 356; 562; 369; 623; 390; 681; 423; 732; 461; 778; 508; 813; 569; 825; 631; 814; 687; 781; 734; 736; 772; 684; 794; 625; 806; 560; 814; 495; 818; 428; 370; 399; 399; 368; 443; 368; 486; 379; 525; 398; 601; 395; 645; 373; 691; 362; 737; 368; 771; 398; 563; 450; 562; 492; 560; 534; 558; 578; 508; 607; 534; 615; 561; 622; 588; 614; 616; 608; 410; 447; 438; 430; 473; 435; 503; 462; 469; 469; 433; 468; 634; 461; 664; 435; 700; 432; 728; 447; 705; 466; 669; 469; 474; 669; 509; 664; 540; 659; 564; 666; 591; 660; 626; 665; 664; 670; 628; 705; 593; 723; 565; 726; 538; 722; 508; 704; 489; 675; 540; 682; 564; 685; 592; 682; 649; 675; 591; 685; 564; 690; 539; 685; 
001; 341; 430; 345; 494; 354; 560; 367; 622; 388; 680; 421; 733; 461; 779; 509; 814; 570; 826; 632; 813; 688; 780; 735; 736; 772; 684; 795; 624; 806; 559; 814; 493; 817; 426; 369; 400; 398; 368; 441; 367; 485; 379; 524; 398; 602; 394; 646; 372; 692; 361; 738; 366; 771; 396; 563; 449; 562; 492; 560; 534; 559; 578; 508; 607; 534; 614; 561; 622; 588; 614; 616; 608; 409; 447; 437; 430; 472; 434; 502; 462; 469; 468; 433; 467; 633; 461; 663; 435; 698; 432; 727; 446; 704; 466; 668; 468; 473; 668; 507; 663; 539; 658; 563; 666; 590; 659; 626; 664; 663; 670; 627; 703; 593; 721; 564; 724; 537; 721; 506; 702; 488; 674; 538; 682; 563; 685; 592; 682; 647; 674; 591; 684; 562; 688; 537; 683; 
001; 343; 429; 347; 494; 356; 560; 370; 622; 391; 680; 424; 732; 462; 778; 510; 813; 570; 825; 632; 813; 688; 780; 735; 735; 772; 682; 794; 622; 806; 557; 815; 490; 818; 422; 369; 401; 399; 369; 442; 368; 485; 380; 525; 399; 601; 395; 646; 373; 691; 361; 738; 367; 771; 398; 563; 449; 562; 492; 561; 535; 559; 579; 507; 606; 534; 614; 561; 622; 589; 613; 617; 607; 410; 446; 437; 431; 472; 435; 502; 462; 469; 468; 433; 467; 634; 460; 664; 435; 698; 432; 727; 446; 704; 465; 668; 467; 475; 669; 509; 664; 539; 659; 563; 666; 590; 659; 626; 665; 663; 669; 627; 704; 593; 721; 565; 725; 538; 721; 508; 703; 490; 675; 539; 682; 564; 685; 592; 682; 648; 674; 591; 683; 563; 688; 539; 683; 
001; 343; 429; 346; 493; 354; 558; 367; 620; 388; 679; 421; 732; 460; 778; 507; 813; 568; 825; 629; 813; 686; 780; 734; 735; 773; 683; 796; 624; 807; 559; 815; 492; 817; 424; 370; 400; 399; 368; 442; 367; 485; 379; 524; 398; 603; 393; 647; 371; 693; 361; 738; 367; 769; 397; 563; 448; 562; 491; 560; 535; 559; 578; 508; 607; 534; 614; 561; 622; 588; 614; 616; 608; 410; 446; 437; 430; 472; 435; 502; 462; 469; 469; 433; 467; 633; 460; 663; 435; 698; 432; 726; 446; 703; 466; 668; 468; 474; 668; 508; 664; 540; 659; 563; 666; 589; 660; 625; 666; 663; 670; 626; 704; 591; 722; 563; 725; 538; 721; 507; 703; 488; 674; 540; 681; 563; 684; 590; 682; 648; 674; 589; 684; 562; 689; 539; 683; 
001; 342; 430; 346; 495; 355; 560; 368; 622; 389; 680; 421; 732; 460; 777; 508; 813; 569; 825; 630; 813; 687; 779; 735; 735; 774; 683; 797; 623; 809; 557; 816; 491; 818; 423; 370; 399; 399; 369; 442; 368; 484; 380; 524; 398; 602; 394; 646; 373; 691; 362; 736; 366; 769; 395; 562; 451; 561; 493; 560; 536; 558; 579; 507; 608; 534; 615; 560; 623; 588; 615; 616; 609; 409; 446; 436; 431; 472; 435; 501; 463; 468; 469; 432; 467; 633; 461; 662; 435; 698; 432; 726; 446; 703; 465; 668; 468; 473; 668; 507; 664; 538; 659; 562; 666; 590; 660; 625; 665; 664; 670; 626; 705; 592; 722; 563; 725; 536; 721; 506; 704; 488; 675; 538; 681; 563; 685; 591; 682; 648; 675; 590; 684; 562; 689; 537; 684; 
001; 342; 431; 345; 494; 353; 559; 365; 621; 386; 680; 419; 733; 457; 780; 506; 814; 568; 826; 631; 814; 688; 781; 736; 735; 774; 683; 795; 623; 807; 557; 814; 491; 817; 424; 370; 400; 399; 369; 442; 368; 484; 380; 523; 398; 601; 395; 645; 373; 690; 362; 736; 367; 770; 397; 562; 450; 561; 492; 559; 534; 558; 577; 507; 608; 533; 615; 560; 623; 587; 614; 615; 608; 409; 447; 436; 431; 472; 436; 502; 463; 468; 469; 432; 468; 633; 461; 663; 436; 698; 433; 726; 447; 703; 466; 667; 468; 474; 670; 508; 664; 539; 659; 563; 666; 589; 659; 624; 665; 662; 671; 626; 705; 592; 723; 564; 727; 538; 723; 507; 705; 489; 676; 539; 682; 563; 685; 590; 682; 646; 675; 589; 685; 563; 689; 538; 684; 
002; 345; 437; 351; 500; 361; 565; 375; 626; 395; 685; 426; 738; 464; 784; 512; 818; 573; 827; 635; 815; 692; 781; 741; 737; 776; 683; 796; 622; 807; 557; 815; 491; 818; 425; 369; 403; 397; 371; 440; 370; 483; 382; 522; 400; 597; 396; 641; 374; 688; 363; 735; 368; 768; 399; 559; 453; 558; 494; 557; 537; 556; 581; 507; 611; 533; 619; 559; 626; 586; 618; 614; 612; 408; 450; 435; 433; 471; 437; 500; 465; 467; 473; 431; 471; 632; 463; 661; 436; 697; 433; 726; 449; 702; 469; 666; 471; 481; 688; 509; 673; 539; 665; 563; 672; 589; 665; 624; 674; 658; 687; 625; 716; 592; 731; 564; 734; 538; 731; 509; 716; 496; 691; 539; 691; 564; 694; 591; 691; 642; 688; 590; 692; 562; 696; 538; 692; 
002; 343; 438; 347; 499; 357; 563; 370; 625; 390; 684; 422; 738; 460; 784; 509; 818; 569; 829; 630; 818; 686; 784; 736; 740; 775; 687; 797; 625; 808; 559; 814; 492; 816; 426; 369; 401; 397; 370; 439; 370; 481; 381; 522; 399; 596; 396; 640; 374; 688; 363; 735; 369; 767; 399; 559; 454; 558; 496; 558; 537; 556; 581; 507; 612; 532; 620; 559; 627; 587; 619; 614; 612; 408; 450; 435; 433; 471; 437; 500; 465; 467; 473; 431; 471; 631; 463; 660; 436; 696; 433; 725; 447; 702; 467; 666; 470; 480; 690; 509; 673; 538; 664; 562; 672; 589; 665; 622; 673; 655; 688; 623; 717; 592; 732; 565; 735; 538; 733; 509; 719; 495; 692; 539; 691; 563; 694; 591; 691; 639; 689; 589; 693; 563; 697; 538; 693; 
002; 344; 436; 348; 497; 359; 561; 372; 622; 391; 680; 422; 735; 459; 782; 509; 817; 571; 828; 633; 816; 691; 781; 740; 735; 776; 680; 797; 618; 807; 552; 814; 486; 816; 420; 370; 402; 398; 371; 441; 371; 484; 382; 523; 401; 597; 397; 640; 374; 686; 363; 732; 368; 765; 397; 560; 454; 559; 496; 558; 538; 557; 582; 508; 612; 533; 619; 559; 627; 586; 619; 614; 613; 409; 449; 436; 433; 471; 437; 501; 465; 468; 472; 432; 470; 631; 463; 660; 437; 696; 433; 725; 448; 702; 468; 666; 471; 481; 689; 509; 674; 539; 664; 562; 672; 588; 665; 622; 674; 655; 687; 623; 717; 591; 733; 563; 736; 537; 734; 509; 719; 495; 692; 539; 692; 563; 695; 590; 692; 639; 689; 588; 693; 561; 697; 538; 693; 
002; 344; 435; 349; 496; 360; 560; 373; 621; 392; 680; 422; 735; 459; 782; 507; 817; 569; 828; 631; 817; 688; 781; 736; 736; 775; 682; 796; 621; 807; 556; 815; 489; 817; 422; 371; 401; 398; 370; 440; 370; 483; 382; 521; 400; 598; 396; 641; 374; 688; 363; 734; 369; 766; 399; 560; 454; 559; 495; 558; 537; 556; 580; 507; 611; 533; 619; 560; 626; 587; 618; 614; 611; 409; 448; 436; 432; 471; 437; 500; 464; 468; 471; 432; 469; 632; 463; 660; 437; 696; 433; 725; 447; 702; 467; 666; 470; 482; 689; 510; 674; 539; 664; 563; 672; 589; 664; 624; 674; 656; 687; 624; 718; 591; 734; 564; 737; 539; 734; 510; 720; 496; 691; 540; 691; 564; 694; 590; 691; 641; 689; 589; 694; 562; 698; 539; 694; 
002; 344; 435; 348; 497; 359; 560; 372; 620; 391; 678; 420; 734; 457; 781; 505; 818; 567; 831; 631; 819; 689; 785; 738; 740; 776; 685; 797; 624; 808; 558; 816; 491; 819; 423; 370; 402; 397; 371; 439; 371; 482; 382; 521; 400; 596; 396; 640; 374; 686; 363; 732; 368; 765; 395; 558; 452; 558; 494; 557; 536; 555; 580; 507; 612; 532; 619; 559; 627; 586; 618; 613; 612; 408; 449; 435; 432; 470; 437; 501; 464; 467; 471; 431; 470; 631; 462; 660; 436; 696; 432; 726; 447; 702; 467; 666; 470; 480; 690; 508; 674; 538; 664; 562; 671; 588; 664; 623; 674; 656; 688; 624; 719; 591; 734; 563; 737; 537; 735; 508; 719; 495; 692; 538; 692; 563; 695; 590; 692; 640; 690; 588; 694; 561; 698; 536; 694; 
002; 342; 429; 347; 492; 358; 556; 371; 617; 389; 677; 420; 734; 457; 783; 505; 820; 566; 833; 629; 820; 686; 785; 737; 740; 775; 685; 796; 622; 806; 554; 814; 486; 817; 419; 369; 399; 397; 369; 439; 369; 481; 381; 521; 399; 596; 395; 640; 373; 687; 362; 733; 366; 766; 395; 558; 451; 558; 493; 557; 535; 556; 579; 506; 610; 531; 618; 558; 625; 586; 618; 613; 611; 408; 448; 435; 432; 471; 436; 500; 463; 467; 471; 431; 469; 631; 462; 660; 435; 697; 432; 726; 447; 703; 467; 666; 469; 480; 691; 508; 674; 538; 663; 561; 671; 588; 663; 623; 674; 656; 688; 624; 722; 591; 740; 563; 743; 537; 740; 508; 724; 496; 693; 538; 690; 562; 692; 590; 689; 639; 690; 588; 699; 561; 703; 537; 699; 
002; 342; 439; 348; 501; 359; 564; 373; 625; 393; 685; 422; 739; 459; 786; 506; 822; 566; 835; 629; 823; 686; 787; 735; 742; 774; 688; 795; 625; 806; 559; 814; 493; 817; 426; 367; 403; 394; 371; 437; 370; 481; 381; 521; 399; 596; 394; 640; 372; 687; 361; 734; 366; 766; 397; 558; 453; 558; 494; 557; 536; 556; 579; 506; 610; 532; 618; 559; 625; 586; 618; 613; 612; 407; 449; 434; 432; 470; 436; 500; 464; 466; 471; 430; 470; 630; 462; 660; 435; 696; 432; 725; 448; 702; 467; 666; 469; 478; 691; 507; 673; 538; 662; 562; 670; 588; 663; 625; 674; 658; 690; 626; 725; 591; 742; 563; 745; 536; 742; 506; 727; 494; 694; 538; 687; 562; 688; 590; 687; 641; 691; 589; 704; 561; 707; 537; 703; 
002; 342; 433; 347; 496; 360; 561; 374; 623; 394; 684; 424; 740; 463; 788; 511; 825; 571; 836; 633; 822; 689; 785; 739; 739; 777; 683; 798; 620; 809; 555; 816; 487; 818; 417; 368; 402; 395; 372; 438; 370; 480; 380; 520; 398; 597; 393; 640; 371; 686; 361; 732; 365; 764; 395; 558; 451; 558; 493; 557; 536; 556; 579; 507; 611; 533; 618; 559; 625; 586; 617; 613; 612; 406; 449; 434; 433; 470; 436; 500; 463; 466; 471; 430; 469; 630; 462; 660; 435; 695; 432; 724; 447; 701; 467; 665; 469; 479; 693; 506; 673; 537; 663; 561; 670; 589; 663; 625; 674; 660; 691; 628; 728; 594; 745; 565; 748; 537; 744; 507; 728; 494; 695; 537; 686; 563; 688; 591; 686; 644; 692; 591; 707; 562; 710; 537; 706; 
002; 342; 433; 347; 496; 358; 560; 372; 624; 393; 685; 423; 740; 461; 787; 509; 822; 569; 835; 631; 822; 689; 785; 738; 740; 776; 685; 799; 622; 811; 556; 816; 489; 818; 421; 369; 401; 396; 370; 438; 369; 481; 380; 521; 397; 596; 394; 640; 373; 686; 361; 733; 367; 764; 397; 558; 451; 557; 492; 556; 534; 555; 578; 506; 610; 532; 618; 559; 624; 586; 617; 613; 611; 406; 448; 434; 431; 469; 436; 498; 463; 465; 471; 429; 469; 630; 462; 660; 435; 696; 431; 724; 446; 702; 467; 666; 469; 479; 693; 508; 673; 538; 663; 562; 670; 589; 663; 626; 675; 661; 691; 629; 730; 594; 746; 565; 748; 538; 745; 507; 730; 494; 695; 539; 686; 563; 688; 591; 687; 645; 693; 591; 709; 563; 711; 538; 707; 
002; 343; 430; 348; 493; 359; 557; 372; 620; 390; 681; 419; 737; 458; 785; 507; 822; 570; 835; 633; 821; 689; 783; 738; 737; 774; 681; 795; 619; 805; 553; 813; 487; 817; 420; 368; 403; 394; 370; 437; 369; 480; 380; 520; 398; 596; 392; 640; 372; 687; 361; 733; 366; 764; 396; 559; 450; 558; 492; 557; 535; 555; 579; 506; 611; 532; 618; 559; 625; 586; 617; 613; 611; 407; 448; 434; 431; 470; 435; 499; 463; 466; 471; 430; 469; 630; 461; 660; 434; 695; 430; 723; 447; 701; 466; 665; 469; 475; 691; 505; 672; 537; 662; 561; 669; 588; 663; 627; 674; 661; 691; 628; 728; 592; 745; 563; 747; 537; 744; 505; 728; 491; 693; 537; 686; 562; 688; 590; 687; 645; 693; 589; 708; 561; 710; 536; 707; 
002; 341; 430; 346; 493; 356; 557; 369; 620; 388; 681; 418; 736; 457; 784; 505; 821; 567; 834; 631; 823; 689; 786; 738; 740; 776; 684; 798; 620; 808; 554; 816; 487; 819; 420; 368; 401; 395; 369; 438; 368; 482; 380; 523; 397; 593; 394; 638; 373; 685; 360; 732; 365; 764; 395; 558; 450; 557; 492; 556; 534; 555; 578; 505; 609; 532; 617; 559; 624; 586; 616; 614; 610; 407; 448; 434; 431; 470; 435; 499; 462; 466; 469; 430; 468; 630; 461; 659; 434; 695; 431; 723; 446; 700; 466; 664; 468; 477; 693; 506; 673; 537; 662; 562; 669; 590; 662; 628; 673; 664; 691; 631; 728; 595; 745; 565; 747; 538; 744; 506; 728; 493; 695; 538; 688; 563; 690; 592; 688; 646; 693; 591; 707; 563; 710; 537; 706; 
002; 339; 431; 344; 493; 355; 557; 368; 620; 387; 680; 419; 736; 458; 783; 509; 820; 574; 832; 638; 818; 694; 780; 743; 734; 780; 679; 801; 616; 812; 550; 818; 482; 818; 415; 371; 399; 398; 369; 440; 369; 481; 380; 521; 397; 596; 392; 639; 371; 684; 360; 730; 364; 763; 391; 559; 450; 557; 492; 556; 534; 555; 577; 506; 612; 533; 619; 560; 625; 587; 617; 614; 612; 407; 449; 434; 431; 471; 435; 500; 463; 466; 471; 430; 469; 630; 461; 659; 433; 696; 430; 724; 446; 701; 466; 665; 468; 475; 695; 505; 675; 538; 663; 563; 670; 591; 663; 631; 675; 668; 690; 633; 725; 596; 742; 566; 745; 538; 742; 506; 727; 491; 697; 539; 694; 564; 696; 593; 694; 650; 693; 592; 703; 563; 706; 538; 702; 
002; 341; 432; 346; 495; 356; 560; 370; 623; 389; 683; 420; 738; 460; 785; 509; 821; 572; 831; 635; 819; 692; 781; 740; 735; 777; 680; 799; 617; 810; 550; 816; 482; 817; 415; 368; 402; 394; 371; 435; 369; 478; 381; 518; 398; 596; 393; 639; 372; 685; 361; 731; 366; 763; 395; 557; 450; 557; 492; 556; 535; 555; 578; 505; 612; 531; 619; 559; 627; 586; 618; 613; 612; 406; 449; 433; 432; 469; 436; 499; 463; 466; 471; 429; 470; 629; 461; 659; 435; 695; 432; 724; 447; 701; 467; 665; 470; 476; 691; 506; 673; 539; 663; 563; 671; 591; 664; 630; 675; 669; 689; 632; 727; 595; 744; 566; 746; 539; 743; 506; 728; 492; 694; 539; 689; 564; 691; 592; 690; 650; 692; 592; 705; 563; 707; 538; 703; 
002; 340; 435; 345; 497; 357; 562; 371; 625; 391; 685; 422; 740; 461; 786; 511; 823; 573; 833; 635; 819; 692; 780; 741; 733; 778; 678; 799; 616; 809; 550; 815; 483; 815; 415; 369; 403; 394; 372; 434; 370; 476; 381; 516; 396; 595; 394; 637; 374; 681; 362; 726; 365; 761; 393; 556; 452; 556; 494; 556; 537; 555; 580; 506; 613; 532; 620; 559; 627; 586; 619; 613; 613; 405; 451; 433; 433; 469; 437; 498; 466; 465; 473; 429; 471; 629; 463; 658; 435; 694; 431; 723; 447; 700; 466; 664; 469; 471; 692; 504; 675; 537; 665; 563; 673; 592; 666; 631; 675; 670; 688; 634; 726; 597; 743; 566; 746; 538; 743; 504; 727; 488; 695; 538; 692; 564; 694; 594; 692; 652; 692; 593; 704; 564; 707; 537; 702; 
002; 337; 430; 343; 493; 354; 557; 368; 619; 387; 680; 418; 735; 458; 783; 507; 819; 569; 830; 634; 819; 690; 781; 739; 734; 775; 679; 795; 617; 805; 552; 813; 485; 815; 417; 368; 402; 395; 371; 437; 370; 480; 381; 520; 397; 595; 393; 639; 372; 685; 361; 732; 367; 764; 398; 558; 451; 557; 493; 557; 536; 556; 580; 505; 612; 532; 619; 560; 626; 586; 618; 614; 613; 406; 448; 433; 432; 469; 437; 498; 464; 465; 471; 429; 469; 628; 462; 657; 436; 693; 432; 723; 447; 699; 466; 663; 469; 473; 692; 504; 673; 538; 663; 563; 671; 592; 664; 632; 673; 670; 688; 635; 727; 597; 743; 567; 746; 539; 743; 504; 727; 491; 695; 539; 691; 565; 693; 594; 691; 651; 691; 594; 703; 564; 706; 538; 703; 
002; 339; 431; 344; 493; 355; 557; 368; 620; 388; 681; 419; 736; 457; 784; 507; 820; 572; 832; 637; 818; 694; 779; 741; 731; 777; 675; 797; 612; 807; 546; 813; 480; 814; 413; 368; 400; 395; 368; 437; 367; 479; 379; 518; 395; 596; 390; 639; 370; 685; 358; 731; 363; 763; 393; 557; 449; 556; 491; 556; 533; 555; 577; 504; 610; 531; 617; 559; 624; 586; 616; 614; 610; 405; 447; 433; 430; 469; 434; 498; 462; 465; 470; 429; 469; 628; 460; 658; 432; 695; 429; 723; 445; 701; 465; 664; 468; 474; 692; 505; 673; 538; 663; 564; 670; 592; 663; 632; 673; 669; 687; 635; 723; 598; 741; 568; 744; 539; 741; 506; 726; 491; 694; 539; 694; 565; 696; 595; 693; 652; 690; 594; 701; 565; 705; 539; 701; 
002; 339; 429; 344; 492; 355; 557; 368; 620; 387; 681; 417; 737; 457; 784; 508; 819; 573; 829; 639; 816; 697; 778; 746; 730; 781; 674; 801; 610; 811; 545; 817; 479; 817; 411; 369; 400; 394; 368; 435; 366; 477; 376; 517; 392; 595; 388; 638; 367; 684; 355; 729; 360; 761; 389; 556; 446; 555; 488; 555; 531; 554; 575; 506; 609; 531; 616; 558; 622; 585; 614; 612; 608; 405; 448; 432; 431; 468; 434; 498; 460; 464; 469; 429; 468; 629; 458; 658; 432; 694; 428; 722; 443; 700; 463; 664; 466; 475; 690; 505; 671; 538; 660; 564; 667; 592; 660; 631; 671; 668; 687; 634; 723; 597; 740; 567; 742; 538; 740; 505; 725; 491; 692; 538; 687; 565; 688; 594; 686; 651; 690; 593; 701; 564; 704; 538; 701; 
003; 344; 438; 349; 502; 359; 568; 373; 629; 394; 689; 426; 743; 463; 789; 510; 826; 568; 837; 627; 825; 685; 791; 735; 746; 775; 693; 798; 632; 810; 566; 818; 497; 820; 429; 369; 408; 396; 378; 439; 377; 482; 389; 522; 407; 597; 404; 642; 383; 689; 372; 736; 378; 770; 407; 559; 462; 558; 504; 556; 546; 554; 590; 506; 620; 531; 627; 557; 635; 584; 627; 611; 620; 408; 455; 435; 439; 471; 444; 502; 472; 468; 478; 431; 477; 630; 470; 659; 444; 696; 441; 726; 456; 702; 476; 665; 478; 480; 692; 510; 679; 539; 671; 562; 679; 587; 672; 622; 679; 659; 690; 624; 721; 590; 738; 563; 741; 538; 738; 510; 722; 495; 695; 539; 696; 563; 699; 589; 696; 643; 692; 588; 698; 562; 703; 538; 698; 
003; 346; 440; 350; 505; 360; 570; 373; 632; 394; 690; 426; 742; 463; 788; 510; 824; 567; 836; 626; 825; 684; 789; 735; 745; 775; 692; 800; 631; 814; 565; 820; 497; 822; 427; 370; 408; 397; 378; 440; 377; 482; 389; 521; 408; 597; 404; 641; 383; 687; 372; 733; 376; 768; 405; 559; 463; 558; 504; 556; 546; 554; 589; 506; 620; 531; 627; 557; 634; 584; 626; 611; 621; 408; 455; 436; 439; 472; 444; 500; 472; 468; 478; 431; 476; 631; 470; 660; 444; 696; 441; 725; 455; 702; 475; 666; 477; 481; 691; 510; 679; 540; 672; 561; 679; 587; 672; 622; 679; 658; 690; 623; 721; 590; 738; 563; 741; 538; 739; 510; 723; 495; 694; 540; 696; 562; 699; 589; 696; 643; 692; 587; 698; 561; 702; 539; 698; 
003; 347; 437; 351; 502; 362; 567; 375; 629; 395; 688; 427; 742; 465; 790; 512; 827; 570; 838; 630; 825; 688; 789; 740; 744; 780; 690; 803; 628; 815; 561; 821; 493; 822; 425; 369; 408; 397; 377; 440; 378; 483; 390; 522; 409; 598; 406; 642; 384; 689; 373; 735; 378; 769; 407; 560; 463; 558; 504; 557; 546; 555; 590; 506; 620; 531; 627; 558; 635; 585; 627; 613; 621; 409; 455; 437; 439; 472; 444; 502; 472; 468; 478; 432; 476; 633; 471; 662; 444; 697; 441; 725; 456; 702; 475; 667; 478; 481; 692; 511; 680; 541; 672; 563; 679; 589; 672; 623; 680; 659; 691; 624; 723; 592; 740; 564; 743; 539; 741; 511; 726; 496; 696; 541; 698; 564; 701; 591; 697; 643; 693; 589; 700; 563; 704; 539; 700; 
003; 346; 440; 349; 505; 358; 572; 373; 633; 395; 693; 427; 746; 464; 793; 511; 829; 569; 841; 628; 828; 685; 792; 734; 747; 774; 693; 798; 632; 810; 566; 817; 499; 820; 430; 369; 408; 397; 378; 440; 378; 482; 389; 521; 408; 598; 404; 642; 383; 689; 372; 735; 377; 768; 407; 559; 463; 558; 504; 556; 546; 555; 589; 506; 620; 531; 627; 558; 634; 585; 626; 612; 621; 408; 455; 436; 439; 472; 444; 501; 472; 468; 478; 431; 476; 632; 471; 660; 444; 696; 441; 725; 456; 702; 476; 666; 479; 479; 693; 509; 681; 540; 673; 563; 680; 589; 673; 624; 680; 660; 692; 625; 725; 592; 742; 564; 745; 539; 743; 509; 727; 495; 697; 540; 699; 563; 702; 590; 698; 645; 693; 589; 702; 563; 706; 539; 702; 
003; 344; 436; 348; 499; 359; 565; 372; 626; 393; 687; 424; 742; 460; 791; 505; 830; 565; 844; 626; 832; 683; 795; 734; 750; 776; 695; 800; 632; 812; 565; 820; 496; 823; 426; 370; 407; 397; 377; 440; 377; 482; 390; 522; 408; 597; 405; 641; 382; 688; 372; 735; 376; 770; 406; 559; 461; 558; 502; 556; 545; 554; 589; 504; 619; 530; 627; 557; 634; 584; 626; 613; 620; 408; 454; 435; 438; 471; 443; 501; 470; 467; 477; 431; 475; 631; 469; 661; 443; 697; 440; 726; 455; 703; 474; 666; 477; 478; 695; 508; 680; 539; 671; 562; 678; 589; 671; 626; 680; 662; 694; 627; 731; 592; 749; 563; 752; 537; 749; 507; 732; 493; 698; 539; 695; 563; 697; 590; 695; 645; 696; 590; 708; 562; 712; 538; 708; 
003; 343; 439; 348; 505; 360; 570; 374; 632; 395; 692; 427; 747; 464; 795; 509; 833; 567; 845; 627; 833; 683; 797; 733; 752; 773; 697; 797; 634; 810; 568; 818; 499; 821; 429; 369; 408; 397; 377; 441; 378; 483; 390; 522; 409; 597; 405; 641; 384; 688; 373; 735; 377; 769; 406; 559; 462; 558; 503; 557; 545; 555; 588; 505; 620; 531; 627; 558; 634; 585; 626; 612; 621; 408; 455; 436; 439; 471; 444; 501; 472; 468; 478; 431; 476; 631; 471; 661; 444; 697; 441; 725; 456; 702; 475; 666; 478; 477; 695; 508; 680; 539; 671; 563; 678; 590; 671; 626; 680; 661; 694; 628; 733; 593; 751; 564; 754; 537; 752; 507; 734; 493; 698; 539; 692; 563; 694; 591; 692; 645; 696; 591; 713; 563; 718; 537; 713; 
003; 345; 439; 349; 504; 360; 570; 375; 632; 396; 693; 426; 748; 463; 796; 509; 834; 569; 846; 630; 834; 684; 798; 734; 752; 775; 698; 800; 635; 812; 568; 819; 500; 821; 430; 370; 409; 397; 377; 439; 377; 482; 389; 521; 406; 599; 403; 643; 383; 689; 372; 735; 377; 767; 407; 559; 460; 558; 502; 557; 545; 555; 589; 506; 619; 531; 627; 559; 634; 586; 626; 614; 620; 408; 455; 435; 439; 470; 443; 501; 471; 467; 477; 431; 476; 632; 470; 662; 444; 698; 441; 726; 456; 703; 474; 667; 477; 476; 697; 507; 679; 539; 670; 564; 676; 593; 670; 631; 679; 665; 696; 634; 738; 597; 757; 566; 760; 537; 756; 505; 738; 492; 699; 539; 688; 564; 690; 594; 688; 649; 697; 594; 718; 564; 722; 537; 717; 
003; 343; 441; 347; 506; 358; 573; 373; 636; 395; 697; 427; 751; 464; 798; 511; 834; 569; 845; 629; 833; 685; 796; 734; 751; 774; 697; 797; 635; 808; 568; 816; 499; 818; 429; 368; 409; 396; 377; 438; 377; 481; 388; 521; 406; 597; 404; 641; 382; 688; 372; 734; 377; 766; 407; 558; 461; 557; 503; 556; 545; 555; 588; 504; 618; 531; 626; 558; 633; 585; 625; 614; 619; 407; 455; 435; 439; 471; 443; 499; 471; 467; 477; 430; 475; 631; 471; 660; 444; 696; 440; 724; 456; 702; 474; 666; 477; 472; 695; 504; 678; 536; 669; 562; 675; 591; 670; 630; 678; 668; 694; 634; 736; 597; 755; 565; 758; 536; 754; 503; 736; 488; 698; 537; 686; 563; 688; 593; 686; 651; 695; 594; 718; 563; 721; 536; 717; 
003; 344; 441; 348; 504; 358; 569; 372; 631; 392; 691; 423; 745; 461; 791; 508; 829; 568; 841; 630; 830; 686; 794; 736; 749; 776; 694; 801; 632; 813; 567; 819; 499; 820; 431; 370; 408; 397; 378; 439; 377; 481; 388; 520; 406; 596; 404; 640; 383; 687; 373; 733; 378; 767; 408; 558; 461; 557; 503; 555; 545; 553; 588; 502; 617; 529; 625; 557; 633; 586; 625; 615; 619; 408; 454; 435; 438; 470; 442; 500; 471; 467; 477; 431; 474; 631; 470; 660; 444; 696; 441; 724; 456; 702; 475; 666; 477; 470; 691; 502; 675; 535; 667; 562; 674; 592; 668; 633; 677; 670; 693; 636; 734; 597; 752; 564; 755; 535; 751; 501; 732; 486; 695; 536; 685; 563; 688; 594; 686; 654; 695; 594; 715; 563; 718; 535; 714; 
003; 344; 442; 348; 505; 358; 570; 371; 633; 391; 693; 422; 745; 460; 791; 507; 827; 567; 839; 628; 828; 685; 793; 734; 749; 774; 695; 797; 633; 809; 568; 817; 501; 818; 433; 369; 407; 397; 376; 439; 376; 481; 388; 520; 405; 596; 404; 640; 383; 687; 372; 733; 376; 767; 405; 558; 460; 557; 502; 556; 545; 554; 588; 502; 617; 529; 625; 557; 633; 586; 625; 616; 619; 406; 454; 434; 437; 470; 442; 499; 471; 465; 476; 429; 474; 632; 470; 661; 443; 697; 440; 726; 456; 702; 474; 667; 477; 469; 687; 502; 674; 536; 666; 563; 673; 593; 667; 634; 675; 672; 691; 637; 732; 597; 750; 565; 753; 535; 748; 501; 729; 485; 691; 536; 684; 564; 687; 595; 685; 657; 693; 594; 713; 563; 716; 534; 711; 
003; 343; 437; 346; 501; 356; 566; 370; 629; 390; 688; 421; 741; 458; 788; 505; 825; 565; 839; 627; 828; 684; 792; 734; 748; 775; 694; 799; 632; 811; 567; 818; 499; 820; 431; 368; 407; 396; 377; 438; 376; 480; 387; 519; 404; 595; 402; 639; 382; 687; 372; 733; 377; 768; 406; 558; 459; 557; 502; 556; 545; 554; 588; 502; 617; 529; 624; 557; 632; 585; 624; 615; 619; 406; 454; 434; 438; 470; 442; 499; 470; 466; 475; 430; 473; 631; 470; 660; 443; 696; 440; 725; 455; 702; 473; 666; 476; 466; 685; 500; 673; 535; 665; 561; 672; 592; 666; 633; 675; 673; 690; 635; 731; 595; 749; 563; 751; 534; 747; 499; 727; 483; 689; 535; 683; 562; 686; 593; 685; 656; 693; 593; 712; 562; 715; 534; 710; 
003; 343; 436; 347; 501; 356; 566; 369; 628; 389; 689; 420; 742; 458; 788; 505; 825; 566; 838; 628; 827; 685; 791; 736; 746; 776; 691; 800; 628; 811; 564; 818; 496; 819; 429; 367; 406; 394; 376; 436; 375; 478; 386; 518; 403; 595; 402; 639; 381; 687; 371; 733; 375; 767; 404; 557; 459; 556; 500; 554; 543; 552; 587; 502; 616; 528; 624; 556; 632; 583; 623; 613; 618; 407; 452; 434; 436; 469; 441; 500; 469; 466; 475; 429; 472; 630; 469; 659; 443; 695; 439; 724; 455; 701; 473; 665; 476; 466; 683; 500; 672; 534; 665; 561; 672; 592; 666; 633; 674; 674; 689; 636; 731; 595; 748; 563; 750; 533; 746; 499; 727; 482; 688; 534; 682; 562; 685; 593; 684; 657; 691; 593; 712; 562; 713; 533; 709; 
003; 343; 435; 346; 498; 355; 563; 367; 625; 387; 684; 418; 739; 456; 785; 504; 824; 565; 837; 629; 826; 686; 791; 735; 747; 776; 692; 800; 631; 812; 565; 819; 498; 821; 429; 368; 406; 395; 375; 437; 375; 479; 386; 518; 403; 597; 400; 641; 380; 688; 370; 733; 375; 767; 404; 558; 458; 556; 500; 554; 543; 553; 586; 501; 616; 527; 624; 555; 632; 584; 624; 614; 618; 407; 454; 434; 436; 469; 441; 499; 470; 466; 475; 430; 473; 630; 469; 659; 443; 695; 439; 724; 455; 700; 473; 665; 476; 463; 681; 498; 671; 533; 665; 561; 672; 592; 666; 635; 673; 675; 687; 638; 729; 595; 747; 562; 749; 532; 744; 497; 724; 480; 686; 534; 683; 561; 686; 593; 685; 659; 690; 593; 710; 561; 712; 532; 708; 
003; 339; 437; 342; 501; 351; 567; 364; 629; 384; 689; 417; 742; 455; 787; 504; 824; 565; 836; 629; 825; 685; 790; 734; 745; 774; 691; 798; 630; 810; 565; 817; 497; 819; 429; 365; 403; 392; 374; 434; 373; 476; 385; 516; 402; 595; 400; 639; 380; 685; 369; 730; 373; 764; 400; 556; 457; 554; 499; 553; 542; 551; 584; 501; 615; 527; 622; 554; 630; 582; 622; 612; 617; 404; 452; 432; 435; 468; 440; 498; 469; 464; 474; 427; 471; 628; 468; 658; 441; 695; 437; 723; 454; 700; 472; 664; 474; 462; 681; 496; 670; 532; 664; 560; 671; 590; 666; 633; 672; 674; 687; 637; 729; 594; 747; 562; 749; 531; 744; 495; 724; 478; 686; 532; 682; 561; 685; 592; 684; 658; 690; 592; 710; 561; 712; 531; 707; 
003; 339; 437; 343; 501; 353; 567; 366; 629; 386; 689; 419; 741; 458; 787; 505; 823; 566; 835; 630; 824; 686; 788; 735; 743; 774; 689; 797; 627; 808; 561; 815; 493; 816; 424; 364; 404; 391; 373; 433; 372; 475; 383; 516; 401; 594; 399; 637; 378; 684; 368; 730; 373; 765; 401; 555; 455; 553; 497; 552; 540; 550; 583; 501; 615; 527; 622; 554; 630; 582; 622; 611; 616; 404; 452; 431; 435; 467; 439; 497; 468; 463; 473; 426; 471; 627; 467; 657; 440; 693; 436; 723; 452; 698; 470; 662; 473; 462; 681; 496; 670; 531; 664; 559; 671; 590; 665; 632; 672; 674; 684; 636; 728; 595; 745; 562; 748; 531; 743; 495; 724; 479; 685; 532; 682; 560; 685; 592; 683; 657; 687; 592; 708; 560; 711; 531; 706; 
003; 338; 433; 342; 496; 351; 561; 364; 624; 383; 684; 414; 739; 454; 786; 504; 823; 568; 835; 634; 823; 690; 787; 739; 741; 778; 686; 800; 624; 810; 558; 815; 491; 815; 423; 364; 401; 392; 371; 434; 371; 475; 382; 515; 400; 593; 397; 638; 377; 684; 366; 729; 371; 763; 400; 555; 454; 554; 496; 552; 538; 551; 581; 500; 613; 526; 620; 554; 628; 582; 620; 611; 614; 403; 450; 430; 434; 466; 438; 496; 467; 462; 472; 426; 470; 626; 465; 656; 438; 692; 435; 721; 451; 697; 468; 662; 471; 462; 682; 497; 669; 532; 662; 559; 669; 590; 664; 632; 672; 674; 685; 635; 727; 593; 744; 561; 746; 531; 742; 496; 722; 479; 686; 533; 680; 560; 684; 592; 683; 657; 688; 591; 708; 559; 710; 531; 705; 
003; 337; 434; 342; 498; 352; 563; 365; 625; 384; 685; 415; 739; 453; 785; 502; 821; 566; 833; 631; 822; 687; 786; 736; 740; 774; 686; 795; 624; 806; 559; 813; 492; 815; 424; 363; 401; 390; 371; 431; 370; 472; 381; 512; 397; 592; 396; 635; 374; 682; 364; 727; 368; 762; 395; 553; 453; 552; 495; 551; 537; 550; 580; 499; 612; 525; 619; 553; 627; 581; 618; 610; 612; 401; 450; 428; 432; 465; 436; 494; 465; 460; 471; 424; 469; 625; 463; 655; 436; 692; 432; 720; 449; 697; 467; 661; 470; 461; 681; 496; 668; 530; 661; 558; 668; 589; 662; 631; 669; 672; 682; 634; 724; 593; 742; 560; 744; 530; 740; 495; 721; 478; 685; 531; 680; 559; 683; 590; 681; 654; 685; 590; 705; 558; 707; 530; 703; 
003; 335; 434; 339; 497; 348; 563; 362; 625; 382; 685; 414; 739; 453; 785; 502; 822; 565; 834; 630; 822; 686; 785; 736; 740; 775; 686; 797; 624; 807; 559; 812; 492; 813; 425; 357; 402; 384; 370; 428; 369; 471; 380; 511; 396; 589; 394; 633; 373; 681; 362; 727; 368; 761; 398; 551; 452; 550; 494; 549; 536; 548; 579; 496; 610; 523; 617; 551; 625; 579; 617; 608; 610; 399; 448; 426; 431; 462; 435; 492; 464; 458; 469; 422; 466; 624; 462; 653; 435; 690; 431; 718; 448; 694; 465; 659; 467; 460; 679; 494; 667; 529; 659; 557; 666; 587; 660; 630; 667; 671; 680; 633; 723; 592; 742; 560; 744; 529; 740; 493; 722; 476; 684; 530; 678; 558; 680; 589; 679; 654; 683; 589; 704; 558; 707; 529; 703; 
004; 345; 430; 350; 495; 361; 562; 374; 625; 394; 685; 426; 740; 466; 786; 517; 819; 577; 828; 636; 815; 689; 781; 734; 737; 771; 684; 793; 624; 807; 558; 817; 491; 821; 422; 377; 400; 407; 369; 451; 368; 496; 379; 536; 399; 612; 394; 656; 373; 703; 362; 748; 369; 777; 400; 574; 451; 573; 492; 572; 534; 571; 577; 518; 609; 545; 616; 573; 624; 600; 616; 628; 609; 416; 446; 445; 428; 482; 433; 510; 463; 477; 469; 440; 467; 642; 461; 672; 432; 708; 429; 736; 445; 714; 465; 677; 468; 491; 686; 523; 670; 553; 660; 575; 668; 602; 660; 633; 668; 665; 682; 634; 709; 604; 725; 576; 729; 551; 727; 522; 714; 506; 687; 552; 687; 576; 689; 603; 686; 650; 683; 602; 687; 575; 692; 551; 689; 
004; 343; 427; 347; 491; 358; 558; 371; 620; 391; 680; 424; 736; 463; 783; 514; 817; 575; 828; 635; 815; 689; 779; 735; 735; 772; 682; 794; 622; 806; 557; 815; 490; 818; 423; 377; 397; 407; 368; 451; 367; 495; 380; 536; 398; 609; 395; 652; 373; 698; 362; 743; 367; 774; 397; 572; 452; 572; 493; 571; 535; 570; 578; 517; 610; 544; 617; 571; 624; 598; 616; 625; 609; 415; 446; 444; 428; 480; 434; 510; 463; 476; 470; 439; 467; 641; 462; 671; 433; 707; 429; 735; 445; 713; 465; 676; 468; 489; 686; 521; 670; 552; 661; 575; 668; 600; 661; 631; 668; 661; 683; 632; 710; 602; 727; 575; 731; 551; 729; 520; 715; 503; 688; 552; 688; 575; 690; 601; 686; 646; 684; 600; 688; 574; 693; 551; 689; 
004; 343; 431; 349; 496; 362; 563; 375; 625; 395; 685; 426; 739; 465; 785; 515; 819; 576; 829; 636; 816; 691; 781; 738; 737; 775; 683; 796; 622; 808; 557; 818; 491; 820; 423; 375; 400; 406; 369; 450; 368; 495; 379; 535; 399; 610; 395; 654; 373; 701; 362; 746; 367; 777; 399; 574; 451; 573; 492; 572; 534; 572; 577; 519; 609; 546; 616; 573; 623; 600; 615; 628; 609; 417; 446; 444; 428; 481; 433; 511; 463; 478; 469; 440; 467; 643; 460; 671; 432; 707; 428; 736; 445; 714; 464; 677; 467; 491; 686; 522; 669; 553; 660; 576; 668; 602; 661; 634; 669; 664; 683; 634; 711; 604; 726; 576; 730; 551; 728; 520; 715; 505; 687; 553; 687; 576; 690; 604; 686; 650; 684; 601; 688; 575; 693; 551; 689; 
004; 345; 430; 349; 494; 360; 560; 374; 622; 395; 682; 427; 737; 466; 784; 515; 818; 575; 828; 633; 816; 687; 782; 733; 738; 770; 686; 792; 625; 805; 560; 814; 493; 817; 426; 375; 401; 405; 369; 449; 367; 494; 380; 535; 398; 610; 394; 655; 374; 701; 363; 746; 368; 776; 400; 573; 451; 572; 492; 571; 535; 571; 578; 518; 609; 545; 616; 572; 623; 599; 616; 627; 609; 415; 446; 444; 429; 481; 435; 510; 463; 477; 469; 440; 467; 642; 461; 671; 433; 707; 430; 735; 446; 713; 465; 677; 468; 492; 685; 522; 669; 553; 660; 575; 668; 601; 660; 633; 669; 663; 683; 633; 711; 603; 727; 576; 732; 551; 729; 521; 715; 506; 687; 553; 687; 576; 690; 602; 687; 648; 684; 601; 688; 575; 693; 552; 689; 
004; 344; 430; 349; 495; 359; 561; 371; 625; 391; 684; 423; 738; 464; 785; 515; 819; 576; 830; 637; 816; 690; 780; 737; 736; 773; 683; 793; 622; 803; 557; 813; 490; 817; 422; 376; 402; 405; 370; 451; 367; 495; 379; 536; 398; 611; 395; 655; 373; 701; 363; 747; 369; 776; 401; 572; 452; 572; 493; 571; 535; 571; 578; 518; 609; 545; 616; 572; 624; 599; 616; 627; 609; 417; 447; 445; 430; 481; 435; 511; 463; 477; 470; 441; 468; 640; 462; 670; 434; 707; 431; 735; 447; 712; 466; 676; 469; 490; 686; 522; 670; 553; 661; 576; 669; 602; 661; 634; 670; 665; 684; 634; 713; 604; 729; 576; 733; 551; 730; 520; 716; 504; 687; 553; 687; 576; 690; 603; 687; 650; 685; 602; 690; 575; 694; 551; 690; 
004; 342; 427; 347; 493; 359; 561; 372; 624; 394; 685; 427; 740; 466; 787; 517; 821; 577; 832; 636; 818; 689; 782; 736; 737; 772; 684; 794; 624; 805; 558; 814; 491; 817; 423; 379; 398; 409; 368; 454; 368; 498; 380; 537; 400; 612; 394; 655; 373; 700; 362; 745; 368; 774; 399; 574; 450; 573; 492; 572; 535; 572; 579; 519; 609; 545; 617; 572; 625; 599; 616; 626; 609; 417; 446; 445; 431; 481; 436; 511; 462; 478; 469; 441; 467; 641; 461; 671; 436; 706; 434; 734; 448; 712; 467; 676; 469; 490; 688; 521; 671; 552; 662; 575; 669; 603; 662; 634; 670; 663; 684; 634; 713; 605; 730; 576; 735; 551; 732; 521; 718; 505; 689; 552; 689; 576; 692; 604; 688; 647; 686; 603; 690; 575; 695; 551; 691; 
004; 340; 427; 346; 493; 356; 561; 369; 624; 389; 686; 424; 741; 465; 788; 516; 823; 576; 834; 636; 820; 690; 783; 738; 738; 774; 682; 795; 619; 806; 555; 815; 489; 820; 422; 374; 402; 403; 370; 449; 367; 495; 379; 537; 399; 610; 394; 654; 373; 700; 363; 746; 369; 774; 400; 574; 448; 573; 491; 572; 534; 572; 579; 518; 609; 545; 617; 572; 625; 600; 616; 627; 609; 418; 449; 447; 442; 479; 445; 508; 460; 477; 467; 445; 467; 641; 460; 671; 446; 701; 446; 728; 452; 704; 466; 674; 467; 490; 688; 519; 671; 551; 662; 575; 669; 602; 661; 634; 670; 661; 684; 635; 716; 605; 734; 576; 739; 550; 736; 519; 720; 505; 690; 551; 690; 575; 692; 603; 688; 645; 686; 602; 691; 575; 696; 550; 692; 
004; 338; 426; 344; 492; 355; 560; 369; 624; 392; 685; 425; 741; 465; 789; 515; 825; 575; 836; 635; 822; 687; 785; 734; 738; 771; 683; 794; 621; 806; 555; 814; 489; 818; 421; 374; 400; 404; 370; 448; 367; 494; 377; 536; 396; 608; 393; 652; 372; 698; 362; 744; 368; 773; 397; 572; 448; 572; 491; 571; 534; 571; 578; 517; 609; 543; 617; 571; 624; 599; 616; 627; 609; 417; 452; 447; 448; 478; 450; 509; 462; 477; 469; 445; 469; 639; 461; 669; 451; 700; 451; 729; 456; 703; 470; 672; 470; 490; 688; 519; 671; 551; 661; 574; 668; 602; 661; 634; 670; 661; 685; 635; 719; 604; 738; 575; 742; 549; 739; 519; 722; 504; 690; 551; 689; 575; 691; 603; 688; 645; 687; 602; 695; 574; 699; 550; 695; 
004; 340; 427; 344; 494; 355; 563; 371; 627; 393; 689; 427; 745; 467; 792; 516; 827; 575; 837; 633; 823; 686; 786; 732; 740; 769; 685; 792; 622; 804; 556; 813; 488; 816; 419; 374; 399; 404; 368; 448; 366; 492; 378; 534; 396; 609; 393; 653; 372; 699; 362; 743; 369; 772; 399; 572; 449; 572; 492; 571; 535; 570; 579; 516; 609; 543; 616; 571; 623; 599; 616; 627; 609; 417; 449; 446; 442; 478; 445; 507; 461; 476; 467; 444; 466; 641; 461; 671; 447; 702; 447; 729; 453; 705; 467; 674; 468; 490; 688; 520; 670; 551; 660; 574; 668; 600; 660; 633; 670; 661; 685; 634; 720; 602; 739; 575; 743; 549; 740; 519; 724; 505; 690; 551; 686; 574; 688; 601; 686; 645; 686; 600; 696; 574; 701; 550; 697; 
004; 343; 428; 347; 495; 358; 564; 372; 628; 394; 689; 427; 744; 466; 790; 515; 825; 574; 836; 634; 822; 686; 784; 732; 739; 769; 684; 791; 623; 804; 558; 813; 492; 818; 424; 376; 398; 406; 367; 449; 366; 493; 378; 534; 396; 612; 393; 656; 372; 701; 362; 746; 369; 774; 399; 571; 450; 571; 493; 571; 535; 570; 579; 516; 609; 543; 616; 571; 623; 598; 616; 626; 609; 417; 449; 445; 438; 478; 441; 508; 461; 476; 468; 442; 467; 640; 461; 670; 443; 701; 441; 729; 451; 706; 466; 674; 468; 488; 687; 518; 670; 550; 661; 573; 667; 599; 660; 632; 669; 660; 685; 633; 718; 602; 738; 574; 742; 548; 739; 517; 722; 503; 689; 550; 686; 574; 688; 601; 686; 645; 686; 600; 696; 573; 701; 549; 697; 
004; 343; 425; 348; 490; 359; 558; 373; 622; 394; 684; 426; 740; 466; 788; 516; 823; 575; 834; 635; 821; 689; 784; 736; 739; 773; 685; 794; 622; 806; 557; 815; 490; 819; 420; 374; 401; 403; 369; 448; 367; 493; 379; 535; 398; 609; 395; 653; 373; 700; 362; 747; 369; 776; 402; 571; 451; 571; 492; 570; 534; 570; 577; 516; 609; 544; 616; 571; 622; 598; 615; 626; 609; 415; 446; 444; 433; 479; 438; 509; 462; 475; 468; 440; 466; 640; 461; 670; 439; 704; 437; 732; 449; 709; 466; 675; 467; 490; 688; 519; 670; 550; 660; 574; 668; 601; 660; 633; 670; 662; 685; 635; 718; 605; 737; 576; 741; 549; 738; 519; 721; 505; 690; 550; 685; 575; 687; 603; 685; 646; 687; 602; 696; 574; 701; 549; 697; 
005; 344; 432; 350; 497; 361; 564; 374; 628; 394; 687; 427; 741; 467; 787; 518; 819; 578; 828; 639; 815; 692; 782; 736; 738; 772; 685; 793; 624; 804; 559; 814; 493; 819; 425; 375; 402; 404; 370; 449; 369; 493; 381; 534; 399; 609; 396; 653; 374; 699; 364; 745; 369; 777; 400; 571; 451; 570; 493; 570; 536; 569; 579; 518; 610; 544; 617; 570; 624; 597; 616; 624; 610; 415; 447; 443; 430; 480; 435; 510; 464; 476; 470; 439; 468; 640; 462; 670; 434; 706; 430; 734; 447; 712; 466; 675; 469; 490; 685; 522; 670; 551; 661; 575; 669; 601; 661; 632; 669; 664; 681; 633; 709; 604; 725; 576; 729; 551; 726; 521; 713; 504; 686; 551; 687; 575; 689; 602; 686; 649; 682; 601; 687; 575; 692; 550; 689; 
005; 343; 429; 348; 494; 360; 561; 373; 624; 393; 684; 426; 739; 466; 786; 517; 818; 579; 828; 639; 815; 693; 781; 737; 736; 773; 682; 794; 622; 805; 557; 814; 491; 817; 424; 375; 401; 406; 370; 450; 369; 494; 380; 535; 399; 608; 395; 653; 373; 699; 363; 744; 368; 775; 398; 572; 451; 571; 493; 571; 536; 570; 580; 517; 610; 544; 617; 571; 625; 599; 617; 626; 610; 415; 447; 443; 429; 480; 434; 509; 464; 476; 471; 438; 469; 641; 462; 670; 433; 706; 429; 734; 445; 712; 466; 676; 469; 490; 686; 522; 671; 552; 662; 575; 670; 601; 662; 632; 669; 663; 681; 633; 710; 604; 726; 576; 730; 551; 728; 521; 715; 504; 688; 552; 688; 575; 690; 602; 687; 648; 683; 601; 688; 574; 693; 551; 689; 
005; 341; 430; 347; 495; 359; 563; 372; 627; 394; 688; 427; 743; 468; 788; 520; 819; 581; 828; 641; 815; 693; 780; 736; 736; 771; 684; 791; 624; 804; 560; 813; 493; 815; 425; 373; 401; 403; 370; 448; 369; 492; 380; 534; 400; 608; 396; 653; 374; 699; 363; 745; 367; 776; 399; 571; 452; 570; 493; 570; 535; 570; 578; 517; 610; 544; 617; 571; 624; 598; 616; 625; 610; 414; 447; 442; 430; 479; 435; 509; 465; 475; 471; 438; 469; 639; 462; 669; 434; 706; 430; 734; 446; 712; 467; 675; 469; 489; 686; 521; 670; 552; 662; 575; 669; 600; 662; 631; 669; 663; 682; 633; 710; 603; 726; 576; 730; 551; 727; 521; 714; 503; 688; 552; 688; 576; 690; 602; 687; 647; 683; 600; 688; 574; 693; 550; 689; 
005; 341; 432; 346; 496; 358; 561; 371; 622; 391; 683; 423; 738; 463; 786; 514; 819; 576; 829; 637; 817; 691; 783; 735; 738; 771; 684; 792; 624; 804; 559; 813; 492; 815; 424; 374; 402; 404; 370; 449; 369; 494; 380; 535; 400; 606; 397; 650; 374; 697; 363; 744; 367; 775; 400; 570; 453; 570; 494; 570; 537; 569; 580; 517; 611; 543; 618; 570; 625; 597; 617; 624; 610; 415; 448; 442; 430; 479; 435; 509; 465; 475; 471; 438; 469; 638; 463; 669; 434; 705; 430; 733; 447; 711; 467; 674; 470; 489; 686; 520; 671; 550; 662; 573; 669; 598; 661; 630; 669; 662; 682; 631; 711; 602; 727; 575; 732; 550; 730; 520; 717; 503; 688; 551; 687; 574; 689; 600; 686; 646; 683; 599; 690; 573; 695; 550; 691; 
005; 342; 427; 348; 493; 359; 560; 371; 624; 393; 684; 425; 739; 465; 786; 515; 820; 577; 831; 637; 817; 692; 782; 739; 737; 775; 682; 795; 620; 806; 554; 814; 487; 816; 419; 375; 400; 405; 369; 449; 369; 493; 381; 533; 399; 608; 396; 652; 374; 698; 363; 744; 368; 773; 399; 571; 451; 570; 493; 570; 535; 569; 578; 517; 611; 543; 618; 570; 624; 597; 616; 624; 610; 415; 447; 443; 429; 479; 435; 509; 464; 475; 471; 438; 469; 640; 462; 669; 433; 706; 429; 733; 446; 711; 467; 675; 469; 491; 686; 522; 671; 551; 662; 574; 669; 599; 661; 631; 669; 663; 683; 632; 712; 602; 728; 575; 732; 551; 730; 521; 716; 505; 688; 551; 688; 575; 690; 601; 687; 648; 684; 599; 689; 574; 694; 550; 690; 
005; 341; 428; 347; 493; 358; 560; 371; 623; 392; 685; 425; 741; 465; 788; 515; 823; 576; 832; 635; 820; 689; 784; 734; 738; 771; 685; 791; 623; 802; 557; 813; 491; 817; 423; 375; 399; 405; 369; 449; 368; 492; 380; 533; 398; 608; 395; 652; 373; 698; 363; 744; 367; 775; 399; 570; 451; 570; 493; 569; 535; 569; 578; 516; 610; 543; 617; 570; 624; 597; 616; 624; 609; 414; 446; 443; 429; 479; 435; 509; 464; 475; 470; 438; 467; 639; 462; 669; 434; 705; 430; 734; 446; 711; 466; 675; 469; 488; 685; 521; 670; 552; 661; 575; 669; 600; 661; 632; 669; 663; 682; 633; 712; 603; 729; 576; 734; 550; 731; 520; 717; 503; 688; 552; 688; 575; 690; 602; 687; 648; 684; 600; 690; 574; 695; 550; 691; 
005; 343; 426; 348; 493; 359; 562; 374; 625; 394; 687; 427; 742; 467; 790; 517; 824; 578; 834; 637; 821; 691; 785; 737; 741; 774; 686; 794; 624; 805; 558; 814; 491; 816; 422; 375; 400; 406; 369; 451; 368; 495; 380; 535; 400; 605; 397; 650; 375; 697; 362; 744; 368; 774; 400; 571; 451; 571; 493; 570; 535; 570; 579; 517; 609; 544; 616; 571; 624; 598; 616; 624; 609; 415; 446; 443; 429; 480; 434; 509; 462; 475; 469; 439; 467; 640; 461; 669; 434; 705; 430; 733; 446; 711; 466; 675; 468; 491; 687; 522; 671; 553; 662; 575; 670; 600; 661; 631; 670; 663; 683; 632; 713; 603; 730; 577; 734; 552; 732; 522; 717; 505; 689; 553; 689; 575; 691; 601; 688; 648; 685; 600; 690; 575; 696; 552; 692; 
005; 343; 427; 348; 493; 360; 561; 373; 625; 394; 687; 427; 742; 467; 790; 516; 826; 576; 837; 636; 824; 690; 787; 735; 741; 771; 686; 791; 623; 803; 557; 814; 489; 817; 420; 375; 400; 405; 369; 449; 368; 493; 381; 533; 399; 607; 396; 650; 375; 695; 362; 741; 368; 773; 398; 570; 451; 570; 493; 570; 536; 570; 580; 518; 610; 544; 617; 571; 624; 597; 616; 624; 610; 415; 446; 444; 430; 480; 435; 508; 464; 475; 470; 439; 467; 640; 462; 669; 434; 705; 430; 733; 446; 711; 465; 675; 468; 491; 689; 521; 671; 551; 662; 575; 670; 600; 662; 631; 671; 663; 684; 632; 716; 603; 733; 576; 738; 550; 735; 521; 719; 506; 691; 551; 690; 575; 693; 602; 689; 649; 686; 600; 691; 574; 697; 550; 693; 
005; 343; 433; 347; 498; 359; 565; 373; 629; 396; 690; 428; 746; 467; 794; 515; 830; 575; 841; 635; 828; 688; 792; 733; 746; 770; 691; 791; 630; 802; 564; 812; 495; 816; 426; 373; 403; 404; 371; 448; 370; 493; 381; 533; 399; 609; 394; 654; 373; 700; 363; 746; 369; 776; 401; 571; 452; 570; 494; 570; 536; 569; 579; 516; 611; 543; 618; 570; 624; 597; 616; 624; 611; 414; 448; 442; 430; 479; 435; 508; 465; 475; 471; 437; 469; 639; 463; 669; 433; 706; 429; 734; 446; 712; 467; 675; 469; 491; 691; 521; 672; 551; 661; 574; 669; 600; 661; 633; 670; 664; 686; 634; 721; 603; 740; 575; 745; 550; 742; 520; 725; 506; 693; 551; 690; 574; 692; 601; 689; 648; 687; 601; 696; 574; 702; 550; 697; 
005; 344; 430; 347; 496; 357; 565; 371; 629; 393; 691; 427; 747; 466; 796; 515; 832; 575; 843; 634; 830; 688; 792; 735; 745; 773; 690; 796; 626; 807; 559; 815; 491; 816; 422; 377; 403; 404; 371; 448; 368; 491; 379; 532; 396; 609; 393; 653; 373; 698; 362; 744; 368; 773; 401; 570; 452; 569; 494; 568; 536; 568; 580; 517; 612; 544; 618; 571; 625; 598; 617; 625; 611; 413; 448; 442; 430; 478; 435; 508; 464; 474; 470; 437; 469; 639; 462; 669; 434; 705; 431; 733; 447; 711; 467; 674; 469; 491; 690; 520; 672; 550; 661; 574; 669; 599; 661; 631; 671; 662; 686; 633; 723; 602; 744; 575; 748; 549; 745; 519; 726; 505; 692; 551; 691; 574; 694; 601; 690; 646; 688; 600; 698; 573; 704; 549; 700; 
005; 342; 429; 348; 496; 359; 565; 373; 630; 395; 693; 428; 750; 468; 798; 518; 834; 577; 844; 636; 830; 689; 792; 735; 746; 770; 690; 793; 627; 805; 559; 813; 491; 815; 422; 374; 402; 404; 370; 448; 369; 491; 381; 531; 399; 607; 396; 650; 375; 696; 363; 741; 368; 771; 400; 569; 452; 569; 494; 568; 537; 568; 580; 516; 611; 543; 618; 570; 625; 596; 618; 623; 611; 414; 449; 442; 432; 478; 436; 508; 465; 475; 471; 438; 470; 638; 463; 668; 435; 704; 431; 732; 447; 710; 467; 674; 469; 490; 693; 519; 673; 550; 662; 573; 670; 600; 662; 632; 671; 661; 687; 634; 724; 603; 746; 575; 750; 549; 747; 519; 729; 505; 694; 550; 692; 574; 694; 601; 691; 646; 689; 600; 700; 573; 706; 548; 702; 
005; 342; 431; 346; 498; 358; 567; 372; 632; 394; 694; 427; 751; 467; 800; 517; 837; 575; 847; 634; 833; 688; 796; 734; 749; 770; 693; 793; 630; 805; 563; 814; 494; 816; 424; 374; 403; 404; 371; 448; 369; 491; 381; 532; 399; 608; 396; 651; 374; 696; 363; 742; 367; 773; 398; 569; 453; 569; 495; 569; 537; 568; 580; 516; 611; 543; 618; 570; 625; 596; 617; 623; 611; 414; 447; 442; 431; 478; 436; 507; 465; 474; 471; 437; 469; 639; 463; 668; 435; 704; 431; 732; 447; 711; 466; 674; 469; 490; 693; 519; 673; 549; 662; 572; 670; 598; 662; 631; 672; 662; 688; 633; 726; 602; 747; 574; 753; 548; 749; 518; 731; 505; 694; 550; 692; 573; 695; 600; 691; 646; 689; 599; 703; 572; 709; 548; 705; 
005; 341; 432; 346; 498; 358; 566; 371; 631; 392; 693; 425; 750; 464; 801; 513; 838; 575; 849; 636; 835; 690; 796; 735; 748; 771; 691; 793; 629; 804; 562; 812; 494; 815; 424; 373; 402; 403; 372; 446; 370; 489; 381; 529; 398; 609; 395; 653; 375; 698; 364; 742; 368; 773; 399; 569; 453; 569; 495; 569; 537; 568; 580; 516; 612; 542; 619; 569; 626; 596; 618; 622; 612; 412; 449; 441; 431; 478; 436; 507; 464; 474; 472; 436; 470; 639; 463; 668; 435; 705; 431; 733; 448; 711; 468; 674; 471; 490; 693; 519; 674; 550; 663; 572; 671; 598; 663; 631; 672; 662; 688; 633; 728; 601; 750; 574; 755; 549; 752; 518; 732; 506; 695; 550; 692; 573; 694; 599; 691; 645; 690; 598; 704; 572; 710; 549; 706; 
005; 344; 429; 348; 495; 359; 563; 372; 628; 394; 691; 426; 749; 466; 800; 514; 839; 575; 850; 634; 837; 688; 798; 734; 750; 771; 694; 793; 630; 805; 562; 814; 493; 816; 424; 374; 403; 404; 371; 447; 370; 490; 380; 531; 398; 611; 394; 655; 374; 701; 363; 745; 369; 774; 401; 569; 453; 568; 495; 568; 537; 567; 580; 515; 612; 542; 619; 569; 625; 595; 618; 622; 612; 413; 449; 442; 432; 478; 437; 507; 465; 474; 472; 437; 471; 639; 463; 668; 436; 704; 432; 732; 448; 710; 468; 674; 471; 492; 694; 519; 674; 549; 663; 572; 670; 598; 662; 631; 672; 662; 688; 634; 729; 603; 751; 575; 756; 549; 753; 519; 733; 508; 696; 549; 693; 573; 695; 600; 691; 645; 690; 600; 705; 573; 711; 549; 707; 
